Zipcode,Population,Median Age,Household Income,Per Capita Income,Poverty Rate,Unemployment Rate,Uneducated Rate,English Language,Spanish Language,White Population Rate,Black Population Rate,Hispanic Population Rate,Asian Population Rate,City,County,Lat,Lng,State
6001,18516.0,45.6,127230.0,70430.0,3.4024627349319507,1.6418232879671637,0.5724778569885505,,,82.4800172823504,0.7885072369842299,5.136098509397279,12.972564268740546,Avon,Hartford County,41.79,-72.86,CT
6002,21022.0,51.3,76717.0,43800.0,6.916563600038057,2.7447436019408245,0.5089905812957853,,,35.952811340500425,57.63485871943678,8.229473884501951,2.1358576729140903,Bloomfield,Hartford County,41.85,-72.74,CT
6010,60218.0,40.5,67507.0,36351.0,10.04184795243947,3.0372978179281938,0.7771762595901558,,,83.60124879604105,5.421966853764656,17.270583546447906,1.4746421335813211,Bristol,Hartford County,41.68,-72.94,CT
6013,9659.0,44.7,127353.0,54876.0,2.764261310694689,2.070607723366808,0.1138834247851744,,,94.47147737861064,0.9214204368982296,2.2051972253856507,2.495082306657004,Burlington,Hartford County,41.76,-72.96,CT
6016,6889.0,39.4,89029.0,38132.0,11.61271592393671,2.8015677166497315,0.0435476847147626,,,79.56161997387139,10.11757874872986,7.0111772390767895,3.701553200754826,Broad Brook,Hartford County,41.91,-72.55,CT
6018,2782.0,46.8,55000.0,36489.0,9.453630481667863,4.205607476635514,0.503235082674335,,,93.63767074047449,4.241552839683681,9.273903666427033,0.0,Canaan,Litchfield County,42.02,-73.3,CT
6019,10148.0,46.9,84828.0,48305.0,3.3898305084745757,1.9215608986992512,0.3251872290106425,,,90.08671659440284,4.296413086322428,4.582183681513599,4.631454473787938,Canton,Hartford County,41.86,-72.91,CT
6021,383.0,37.9,108000.0,42094.0,2.0887728459530033,2.8720626631853787,0.0,,,95.56135770234987,1.827676240208877,2.3498694516971277,2.610966057441253,Colebrook,Litchfield County,42.03,-73.1,CT
6022,140.0,40.2,199097.0,76139.0,0.0,0.0,0.0,,,82.14285714285714,0.0,30.0,0.0,Collinsville,Hartford County,41.82,-72.94,CT
6023,1558.0,45.7,95699.0,41894.0,3.016688061617458,4.428754813863928,1.6046213093709885,,,86.32862644415918,0.0,12.90115532734275,2.4390243902439024,East Berlin,Hartford County,41.61,-72.72,CT
6024,460.0,63.8,95972.0,44538.0,8.26086956521739,0.0,1.0869565217391304,,,100.0,0.0,0.0,0.0,East Canaan,Litchfield County,42.02,-73.28,CT
6026,5304.0,43.3,104336.0,41332.0,5.071644042232277,3.0731523378582204,0.0,,,89.06485671191555,0.8295625942684767,8.144796380090497,2.262443438914027,East Granby,Hartford County,41.94,-72.74,CT
6027,1451.0,51.1,101397.0,49594.0,3.032391454169538,3.7215713301171607,0.2067539627842867,,,90.62715368711235,0.0689179875947622,0.1378359751895244,0.6891798759476223,East Hartland,Hartford County,42.0,-72.91,CT
6029,16125.0,41.1,91042.0,50677.0,5.004651162790697,2.5426356589147288,0.0,,,86.7968992248062,1.662015503875969,4.409302325581394,6.542635658914728,Ellington,Tolland County,41.91,-72.42,CT
6031,1344.0,53.2,81815.0,61757.0,4.241071428571429,1.7857142857142858,0.0,,,93.67559523809523,3.7202380952380953,2.455357142857143,1.0416666666666667,Falls Village,Litchfield County,41.96,-73.32,CT
6032,17678.0,46.2,93497.0,55883.0,9.005543613530943,2.2231021608779282,0.6844665686163593,,,80.09955877361692,2.8114040049779385,6.120601878040503,12.246860504581964,Farmington,Hartford County,41.73,-72.83,CT
6033,28698.0,45.4,116766.0,59396.0,4.164053244128509,2.4914628197086905,0.2822496341208446,,,83.65391316468045,2.4182869886403235,6.355843612795317,9.484981531814064,Glastonbury,Hartford County,41.7,-72.54,CT
6035,7865.0,46.6,108571.0,53095.0,2.7336300063572794,2.31404958677686,0.1398601398601398,,,94.46916719643991,0.3305785123966942,2.339478703115067,1.958041958041958,Granby,Hartford County,41.96,-72.8,CT
6037,18926.0,47.5,103702.0,50485.0,4.62326957624432,1.764768043960689,0.935221388565994,,,93.11529113388987,1.0778822783472473,4.903307619148261,3.524252351262813,Berlin,Hartford County,41.6,-72.78,CT
6039,2138.0,49.5,72604.0,43295.0,9.822263797942002,1.9644527595884005,1.3564078578110383,,,97.66136576239477,0.3274087932647334,0.8419083255378859,1.0289990645463052,Lakeville,Litchfield County,41.95,-73.44,CT
6040,34661.0,36.4,68974.0,36616.0,11.309540982660627,3.7679236028966274,0.9780444880413144,,,61.357144917919285,18.340497966013675,14.751449756210151,8.291739995960878,Manchester,Hartford County,41.76,-72.52,CT
6042,23144.0,34.6,80516.0,38605.0,6.701520912547529,2.1431040442447284,0.6351538195644659,,,59.54891116488075,12.638264777048047,11.514863463532665,16.79484963705496,Manchester,Hartford County,41.8,-72.53,CT
6043,4911.0,46.3,105772.0,47361.0,4.744451231928324,2.626756261453879,0.4276114844227245,,,93.91162695988596,1.3031969049073509,7.534107106495623,1.5271838729383018,Bolton,Tolland County,41.77,-72.44,CT
6051,30231.0,31.7,36634.0,20116.0,26.13873176540637,5.2462703847044425,0.8468128742019781,,,63.76567099996693,16.109291786576694,56.47844927392412,1.2172935066653434,New Britain,Hartford County,41.67,-72.77,CT
6052,8142.0,39.2,74340.0,36265.0,9.211495946941783,2.9722426922132152,0.4053058216654385,,,75.23949889462048,14.001473839351508,30.189142716777205,1.0316875460574797,New Britain,Hartford County,41.66,-72.8,CT
6053,34452.0,34.2,51283.0,25912.0,19.05259491466388,2.9954719609892018,1.1087890398235225,,,73.72866597004528,9.656913967258797,34.73818646232439,4.603506327644259,New Britain,Hartford County,41.69,-72.79,CT
6057,6201.0,47.4,111788.0,49357.0,0.9192065795839379,2.257700370907918,0.0483792936623125,,,98.66150620867602,0.0483792936623125,1.0320915981293342,0.0,New Hartford,Litchfield County,41.85,-73.0,CT
6058,1653.0,51.2,76354.0,48721.0,6.231094978826376,1.996370235934664,0.1209921355111917,,,95.40229885057472,0.3629764065335753,2.9038112522686026,0.9679370840895342,Norfolk,Litchfield County,42.0,-73.2,CT
6060,2691.0,41.6,151417.0,55070.0,3.0471943515421778,3.4931252322556667,0.0,,,97.80750650315868,0.5945745076179859,0.4830917874396135,0.5202526941657376,North Granby,Hartford County,42.01,-72.84,CT
6061,367.0,32.4,-666666666.0,38473.0,0.0,0.0,0.0,,,100.0,0.0,0.0,0.0,Pine Meadow,Litchfield County,41.85,-73.01,CT
6062,17619.0,43.3,72175.0,39406.0,7.094613769226402,2.6164935580906974,0.8683807253533118,,,86.39536863613147,1.8843294171065328,11.294625120608432,3.84244281741302,Plainville,Hartford County,41.67,-72.85,CT
6063,3351.0,47.1,115926.0,45540.0,5.043270665472993,2.1486123545210387,0.3879438973440764,,,94.74783646672635,0.0596836765144732,0.9847806624888094,3.640704267382871,Barkhamsted,Litchfield County,41.93,-72.97,CT
6065,660.0,50.8,81667.0,38032.0,8.181818181818182,3.787878787878788,1.2121212121212122,,,89.84848484848484,0.6060606060606061,0.0,1.2121212121212122,Riverton,Hartford County,41.97,-73.01,CT
6066,29277.0,37.9,64642.0,36388.0,9.358882399152918,4.80923591898077,0.3518120025958944,,,79.28407965296991,7.3982990060457015,10.636335690132183,6.458995115619769,Vernon Rockville,Tolland County,41.84,-72.46,CT
6067,20168.0,43.2,85125.0,46153.0,5.112058706862356,2.0378817929393103,0.3470844902816343,,,72.54561681872273,4.3236810789369295,3.9319714399048,18.663228877429592,Rocky Hill,Hartford County,41.66,-72.66,CT
6068,1386.0,68.1,63788.0,58729.0,6.565656565656567,1.443001443001443,0.0,,,88.60028860028861,0.9379509379509381,9.307359307359306,2.3088023088023086,Salisbury,Litchfield County,42.01,-73.42,CT
6069,2342.0,54.7,80000.0,70505.0,17.378309137489325,1.8787361229718191,0.1707941929974381,,,93.21093082835183,1.9214346712211785,3.7574722459436383,1.067463706233988,Sharon,Litchfield County,41.86,-73.44,CT
6070,15734.0,47.2,125192.0,66461.0,4.18838184822677,1.9511885089614849,0.2097368755561205,,,89.55764586246346,3.0252955383246483,4.080335579000891,3.648150502097369,Simsbury,Hartford County,41.87,-72.82,CT
6071,11171.0,48.1,108370.0,47283.0,1.6023632620177244,1.3785695103392712,0.4475875033569063,,,87.87037865902785,5.82758929370692,6.212514546593858,1.5844597618834482,Somers,Tolland County,41.99,-72.45,CT
6073,5830.0,44.1,149226.0,68220.0,0.7547169811320755,1.732418524871355,0.2401372212692967,,,92.28130360205832,1.0291595197255574,3.13893653516295,5.008576329331047,South Glastonbury,Hartford County,41.65,-72.57,CT
6074,25898.0,42.3,107374.0,47910.0,4.494555564136227,2.05421268051587,0.2432620279558267,,,79.9830102710634,4.309213066646073,5.784230442505213,11.6263804154761,South Windsor,Hartford County,41.83,-72.57,CT
6076,12571.0,44.4,77228.0,38301.0,6.021796197597644,2.800095457799698,0.3022830323761037,,,94.74982101662556,0.7238883143743536,3.3569326227030465,1.1295839630896507,Stafford Springs,Tolland County,42.0,-72.3,CT
6078,12282.0,43.4,114053.0,51085.0,1.34342940889106,1.9540791402051785,0.537371763556424,,,79.09135319980459,9.021332030613909,9.314443901644685,4.999185800358248,Suffield,Hartford County,41.99,-72.65,CT
6081,1547.0,37.6,71049.0,35173.0,5.753070458952812,4.524886877828054,0.0,,,85.39107950872656,1.4221073044602457,11.118293471234649,4.460245636716224,Tariffville,Hartford County,41.91,-72.77,CT
6082,44143.0,41.0,79730.0,36665.0,7.3805586389688065,3.253063905942052,0.439480778379358,,,81.75928233241963,7.246902113585392,11.218086672858664,2.675395872505267,Enfield,Hartford County,41.98,-72.56,CT
6084,14713.0,43.4,118194.0,54164.0,3.3507782233399035,1.4816828654931014,0.0203901311765105,,,92.92462448175085,1.0263032692176983,1.5700401005913138,3.4731190103989666,Tolland,Tolland County,41.88,-72.36,CT
6085,7362.0,43.0,91801.0,51428.0,6.927465362673186,2.9339853300733503,0.3531649008421624,,,84.09399619668568,0.5025808204292311,7.199130671013313,13.162184189079056,Unionville,Hartford County,41.75,-72.89,CT
6088,4556.0,50.8,61889.0,38871.0,2.1949078138718168,3.5557506584723435,0.1755926251097453,,,80.5750658472344,2.9411764705882355,4.280070237050044,13.849868305531167,East Windsor,Hartford County,41.9,-72.59,CT
6089,3100.0,43.5,114556.0,72432.0,0.5806451612903226,1.064516129032258,0.0,,,94.74193548387095,0.4193548387096774,3.806451612903226,4.161290322580645,Weatogue,Hartford County,41.84,-72.83,CT
6090,835.0,53.0,158320.0,75725.0,4.790419161676646,0.0,0.0,,,97.60479041916169,0.0,4.550898203592816,0.0,West Granby,Hartford County,41.96,-72.87,CT
6091,60.0,71.6,-666666666.0,37530.0,0.0,10.0,0.0,,,100.0,0.0,0.0,0.0,West Hartland,Hartford County,42.0,-72.98,CT
6092,4493.0,44.9,149500.0,64351.0,1.6470064544847542,1.9586022701980856,0.0,,,92.61072779879812,0.6677053193857111,5.1635878032494995,4.095259292232361,West Simsbury,Hartford County,41.87,-72.86,CT
6093,3406.0,43.7,114500.0,51769.0,0.6165590135055784,1.3505578391074575,0.0,,,95.1556077510276,1.5854374633000587,2.143276570757487,0.0,West Suffield,Hartford County,41.99,-72.73,CT
6095,28894.0,43.6,92132.0,41061.0,4.402298054959507,2.747975358205856,0.9586765418425972,,,51.1317228490344,38.28822592925867,8.963798712535475,4.350384162801966,Windsor,Hartford County,41.87,-72.68,CT
6096,12671.0,43.9,70067.0,39031.0,6.747691579196592,2.943729776655355,0.8365559150816826,,,83.62402336042932,5.840107331702312,4.61684160681872,4.601057532949255,Windsor Locks,Hartford County,41.93,-72.65,CT
6098,11962.0,47.4,71981.0,36379.0,14.512623307139275,4.363818759404781,1.3626483865574321,,,93.37903360642035,1.7221200468149138,4.781809062029762,1.1034943989299448,Winsted,Litchfield County,42.0,-73.1,CT
6103,1878.0,31.6,84469.0,71606.0,13.578274760383387,3.780617678381257,0.0,,,59.15867944621939,12.619808306709265,13.365282215122473,22.843450479233226,Hartford,Hartford County,41.77,-72.68,CT
6105,18909.0,33.5,34623.0,32502.0,25.495795652863716,4.267808979850865,2.136548733407372,,,36.50642551166112,35.792479771537366,25.268390713416892,6.5259929134274675,Hartford,Hartford County,41.78,-72.7,CT
6106,38378.0,32.7,36460.0,19967.0,26.345823127833647,6.125905466673615,2.4076293709937984,,,43.451977695554746,21.905779352754177,58.72895929959872,2.3034029912970966,Hartford,Hartford County,41.74,-72.69,CT
6107,19104.0,43.5,133519.0,65289.0,3.135469011725293,1.0835427135678393,0.3350083752093802,,,91.10134003350085,1.3714405360134003,4.648241206030152,5.093174204355108,West Hartford,Hartford County,41.75,-72.77,CT
6108,24474.0,34.2,51722.0,26164.0,17.843425676227838,4.7274658821606605,1.4137451989866798,,,52.78663071014138,29.083925798806895,45.61575549562802,2.2717986434583644,East Hartford,Hartford County,41.78,-72.62,CT
6109,26171.0,44.5,86216.0,45922.0,5.299759275533988,2.151236101027856,0.7680256772763746,,,86.3016315769363,4.25661992281533,7.9744755645561884,4.195483550494823,Wethersfield,Hartford County,41.7,-72.66,CT
6110,12733.0,39.1,73938.0,37365.0,8.06565616900966,2.112620749234273,1.86130526977146,,,65.44412157386319,9.942668656247546,25.147255163747744,14.285714285714285,West Hartford,Hartford County,41.73,-72.74,CT
6111,30234.0,45.5,81646.0,39397.0,5.804723159357016,2.5699543560230205,0.7838856916054773,,,81.34550506052788,4.951379241913078,9.515776939869024,6.8300588741152355,Newington,Hartford County,41.69,-72.73,CT
6112,21094.0,34.4,38557.0,19564.0,22.205366454916092,6.347776618943776,1.3179103062482225,,,13.482506873992605,77.76618943775482,14.492272684175596,0.0711102683227458,Hartford,Hartford County,41.79,-72.7,CT
6114,28362.0,31.8,37756.0,19081.0,27.215993230378675,5.986883858684155,2.711374374162612,,,28.502926450884985,22.94972145828926,62.590790494323386,2.633805796488259,Hartford,Hartford County,41.75,-72.67,CT
6117,16350.0,42.5,143141.0,64705.0,5.700305810397554,2.1834862385321103,0.4464831804281345,,,78.92966360856269,8.00611620795107,6.525993883792049,8.17737003058104,West Hartford,Hartford County,41.78,-72.76,CT
6118,25834.0,40.3,61314.0,31728.0,11.906789502206395,3.390880235348765,1.6838275141286676,,,57.416582797863285,23.999380661144233,27.07284973291012,4.916002167685996,East Hartford,Hartford County,41.74,-72.61,CT
6119,15236.0,35.2,88963.0,49773.0,8.847466526647414,3.22263061170911,1.8508794959306905,,,81.39275400367549,7.456025203465477,12.627986348122866,5.401680231031767,West Hartford,Hartford County,41.76,-72.73,CT
6120,14223.0,28.6,27324.0,12952.0,36.95422906559798,5.955143078112916,0.6679322224565845,,,19.721577726218094,55.234479364409765,42.986711664205856,0.0421851929972579,Hartford,Hartford County,41.79,-72.67,CT
6226,19431.0,27.7,37339.0,17921.0,25.59827080438475,4.683238124646184,0.9520868714940044,,,68.10766301271164,6.664608100458031,44.57825124800576,2.6504039936184447,Willimantic,Windham County,41.7,-72.21,CT
6231,3907.0,47.3,125430.0,52879.0,3.0970053749680067,2.1499872024571283,0.3583312004095214,,,96.39109291016123,0.0,2.610698745840798,2.4315331456360383,Amston,Tolland County,41.63,-72.37,CT
6232,3203.0,45.8,105328.0,44592.0,2.3415547923821416,2.934748673118951,0.0936621916952856,,,95.3481111458008,3.4655010927255696,2.9971901342491414,0.0,Andover,Tolland County,41.73,-72.38,CT
6234,8253.0,44.3,76156.0,33080.0,6.930813037683268,3.5017569368714407,1.2601478250333211,,,92.19677692960137,2.3143099478977343,4.33781655155701,2.4475948140070285,Brooklyn,Windham County,41.78,-71.95,CT
6235,2472.0,46.6,76750.0,35713.0,6.593851132686084,0.8090614886731392,0.1618122977346278,,,89.36084142394822,0.0,7.9288025889967635,0.4449838187702265,Chaplin,Windham County,41.79,-72.13,CT
6237,5444.0,48.7,109712.0,51584.0,1.3776634827332843,1.5613519470977222,0.2387950036737693,,,96.23438648052904,0.2571638501102131,8.229243203526819,0.0,Columbia,Tolland County,41.69,-72.3,CT
6238,12406.0,43.1,96375.0,45577.0,3.7078832822827663,2.5713364501047877,0.0806061583104949,,,95.13138803804613,1.0559406738674837,2.418184749314848,1.2655166854747704,Coventry,Tolland County,41.78,-72.34,CT
6239,11169.0,43.0,54580.0,30564.0,14.73721908854866,3.2411137971170203,0.9848688333780999,,,88.66505506312114,1.3161428955143701,6.2763004745277104,2.2114781985853704,Danielson,Windham County,41.79,-71.86,CT
6241,6386.0,39.0,71635.0,33199.0,9.473849044785467,0.2348888192922016,0.829940494832446,,,93.51706858753523,0.9395552771688068,2.5367992483557784,1.5659254619480112,Dayville,Windham County,41.85,-71.86,CT
6242,1264.0,47.7,94375.0,42550.0,6.882911392405063,3.5601265822784818,0.0,,,98.49683544303798,0.0,1.5822784810126582,0.4746835443037974,Eastford,Windham County,41.9,-72.1,CT
6243,171.0,53.0,-666666666.0,44151.0,25.730994152046787,0.0,8.187134502923977,,,100.0,0.0,0.0,0.0,East Killingly,Windham County,41.846000000000004,-71.8,CT
6247,2686.0,48.3,80129.0,40330.0,3.6857781087118386,2.047654504839911,0.4095309009679821,,,96.38868205510052,0.0744601638123603,3.0528667163067764,0.4095309009679821,Hampton,Windham County,41.77,-72.07,CT
6248,5605.0,45.0,111758.0,53539.0,3.639607493309545,1.3024085637823373,0.0356824264049955,,,96.68153434433542,0.1070472792149866,3.657448706512042,1.552185548617306,Hebron,Tolland County,41.69,-72.4,CT
6249,7215.0,45.7,91684.0,41579.0,7.595287595287595,5.1975051975051985,0.5544005544005544,,,96.7013167013167,0.6237006237006237,1.968121968121968,1.496881496881497,Lebanon,New London County,41.6,-72.2,CT
6250,4706.0,36.4,88611.0,49616.0,10.433489162770929,3.7399065023374423,0.2762430939226519,,,87.99405014874628,1.4024649383765406,5.333616659583512,8.56353591160221,Mansfield Center,Tolland County,41.78,-72.21,CT
6254,1778.0,48.6,96719.0,42235.0,3.9370078740157477,1.4623172103487063,0.562429696287964,,,96.00674915635544,0.843644544431946,5.286839145106861,0.3374578177727784,North Franklin,New London County,41.61,-72.15,CT
6255,4357.0,39.0,76375.0,33627.0,8.331420702318107,2.2492540739040625,0.2754188661923342,,,96.71792517787468,0.2524672940096397,2.6853339453752585,0.0,North Grosvenordale,Windham County,41.98,-71.9,CT
6256,2245.0,47.5,52978.0,27584.0,7.839643652561247,3.162583518930958,0.0,,,83.78619153674832,10.734966592427618,26.592427616926503,0.0,North Windham,Windham County,41.73,-72.16,CT
6259,4471.0,45.4,94722.0,48530.0,5.32319391634981,0.2012972489375978,0.4025944978751957,,,95.72802505032429,1.0959516886602552,3.6457168418698283,0.3802281368821292,Pomfret Center,Windham County,41.86,-71.99,CT
6260,9353.0,48.7,60290.0,35308.0,9.09868491393136,2.330802950924837,1.2937025553298407,,,95.39185288142842,1.8710574147332408,4.864749278306426,0.6735806693039667,Putnam,Windham County,41.9,-71.87,CT
6262,812.0,52.2,62946.0,36298.0,0.0,6.527093596059113,0.0,,,100.0,0.0,0.0,0.0,Quinebaug,Windham County,42.02,-71.95,CT
6263,302.0,33.6,-666666666.0,40587.0,2.6490066225165565,0.0,0.0,,,97.35099337748345,0.0,0.0,0.0,Rogers,Windham County,41.85,-71.86,CT
6264,108.0,51.5,88750.0,37398.0,0.0,0.0,0.0,,,71.2962962962963,0.0,12.962962962962965,0.0,Scotland,Windham County,41.7,-72.1,CT
6266,562.0,33.2,60895.0,32968.0,2.8469750889679717,2.8469750889679717,0.0,,,93.95017793594307,4.448398576512456,9.430604982206406,0.8896797153024911,South Windham,Windham County,41.67,-72.15,CT
6268,10420.0,22.0,47510.0,29915.0,22.552783109404988,2.7255278310940496,0.1919385796545105,,,82.24568138195778,4.7600767754318625,7.044145873320536,8.310940499040306,Storrs Mansfield,Tolland County,41.79,-72.25,CT
6269,10296.0,19.9,-666666666.0,3065.0,0.0,1.592851592851593,0.0,,,80.48756798756799,4.2637917637917635,4.215229215229215,13.480963480963483,Storrs Mansfield,Tolland County,41.81,-72.25,CT
6277,4099.0,44.9,87091.0,37167.0,5.586728470358625,4.000975847767748,0.2927543303244694,,,94.9011954135155,0.2683581361307636,4.269333983898512,1.5125640400097584,Thompson,Windham County,41.98,-71.86,CT
6278,4363.0,44.4,70893.0,36977.0,9.534723813889524,3.094201237680496,0.3208801283520513,,,95.04927801971121,0.0229200091680036,5.386202154480863,1.1918404767361908,Ashford,Windham County,41.9,-72.16,CT
6279,5893.0,33.6,76908.0,42103.0,14.339046326149669,2.0023756999830313,0.3902935686407602,,,86.83183437977263,1.6120821313422704,4.225352112676056,7.517393517732903,Willington,Tolland County,41.9,-72.26,CT
6280,3055.0,47.3,77750.0,35483.0,7.79050736497545,5.531914893617022,0.4909983633387889,,,79.63993453355155,0.8183306055646481,27.397708674304422,0.0,Windham,Windham County,41.69,-72.14,CT
6281,6897.0,44.3,84200.0,45332.0,6.423082499637522,0.8844425112367696,0.0,,,98.26011309264898,0.0,0.5654632448890822,0.3479773814702044,Woodstock,Windham County,41.97,-72.01,CT
6282,1030.0,57.1,91131.0,50209.0,0.0,4.077669902912621,0.0,,,100.0,0.0,0.0,0.0,Woodstock Valley,Windham County,41.94,-72.07,CT
6320,26999.0,31.6,46341.0,25845.0,21.04152005629838,4.270528538094004,0.9592947886958776,,,57.428052890847816,15.030186303196414,33.35308715137597,2.388977369532205,New London,New London County,41.35,-72.11,CT
6330,3220.0,40.8,70067.0,35858.0,10.993788819875775,2.8260869565217392,0.0,,,88.07453416149069,2.7950310559006213,3.6645962732919255,1.1180124223602483,Baltic,New London County,41.65,-72.08,CT
6331,5069.0,44.7,91973.0,40135.0,2.6632471887946343,2.544880647070428,0.2170053264943776,,,97.08029197080292,0.6707437364371671,1.085026632471888,1.203393174196094,Canterbury,Windham County,41.7,-71.99,CT
6332,587.0,38.4,73214.0,36183.0,2.7257240204429305,0.0,0.0,,,100.0,0.0,2.0442930153321965,0.0,Central Village,Windham County,41.69,-71.91,CT
6333,7176.0,44.6,126799.0,53317.0,6.006131549609811,2.870680044593088,0.2787068004459309,,,83.22185061315496,2.7313266443701227,5.406911928651058,10.312151616499444,East Lyme,New London County,41.38,-72.24,CT
6334,2508.0,46.5,88750.0,39171.0,3.3492822966507183,2.59170653907496,0.5980861244019139,,,91.8261562998405,2.272727272727273,2.392344497607656,0.6379585326953748,Bozrah,New London County,41.55,-72.18,CT
6335,6203.0,38.7,97347.0,43240.0,5.706916008383041,1.6604868611961954,0.0322424633241979,,,88.77962276317909,4.578429792036111,5.723037240045139,2.305336127680155,Gales Ferry,New London County,41.44,-72.07,CT
6336,129.0,16.9,200114.0,37068.0,0.0,0.0,0.0,,,86.8217054263566,13.178294573643413,0.0,0.0,Gilman,New London County,41.58,-72.19,CT
6339,8449.0,37.7,93628.0,45924.0,2.734051367025684,2.3908154811220257,0.3787430465143804,,,83.37081311397799,1.562315066871819,5.1840454491655805,6.343946029115871,Ledyard,New London County,41.44,-72.0,CT
6340,30403.0,30.7,59240.0,33655.0,9.397098970496332,3.2694142025458013,0.6413840739400717,,,72.52902674078216,8.301812321152518,15.850409499062593,6.081636680590731,Groton,New London County,41.35,-72.04,CT
6350,47.0,28.1,61250.0,27162.0,0.0,0.0,0.0,,,100.0,0.0,0.0,0.0,Hanover,New London County,41.64,-72.08,CT
6351,15877.0,42.1,70110.0,36066.0,5.30956729860805,3.0673301001448636,0.062984190968067,,,90.74762234679096,0.8754802544561315,2.1225672356238583,2.1162688165270516,Jewett City,New London County,41.58,-71.96,CT
6353,107.0,54.1,-666666666.0,22679.0,53.27102803738318,0.0,0.0,,,46.72897196261682,53.27102803738318,0.0,0.0,Montville,New London County,41.453,-72.134,CT
6354,6167.0,41.6,66851.0,28966.0,12.566888276309388,4.345711042646343,1.6539646505594292,,,95.3461975028377,0.0810766985568347,6.696935300794553,3.9403275498621695,Moosup,Windham County,41.7,-71.85,CT
6355,12628.0,52.5,96687.0,54743.0,7.079505859993665,2.5974025974025974,0.2138105796642382,,,91.89895470383276,2.328159645232816,5.2106430155210655,2.5102945834653148,Mystic,New London County,41.37,-71.98,CT
6357,11548.0,50.7,79333.0,42940.0,5.957741600277103,2.112919986144787,0.7273986837547627,,,84.42154485625217,4.121925874610321,6.719778316591617,2.9702112919986146,Niantic,New London County,41.33,-72.22,CT
6359,5332.0,44.2,68375.0,35983.0,5.626406601650412,1.275318829707427,0.5813953488372093,,,89.40360090022507,1.5191297824456114,3.1882970742685672,2.213053263315829,North Stonington,New London County,41.47,-71.88,CT
6360,36396.0,37.7,58269.0,30580.0,12.9080118694362,3.9344982965161006,1.2940982525552258,,,67.72722277173315,11.144081767227169,14.185624793933401,8.814155401692494,Norwich,New London County,41.55,-72.09,CT
6365,4657.0,45.9,79444.0,38979.0,6.184238780330684,1.954047670173932,0.0214730513205926,,,87.18058836160618,0.1717844105647412,0.9448142581060768,4.6167060339274215,Preston,New London County,41.52,-71.99,CT
6370,6669.0,47.0,79980.0,41194.0,8.801919328235117,2.654071075123707,0.0,,,88.40905683010945,3.8536512220722745,5.248163142899985,2.699055330634278,Oakdale,New London County,41.47,-72.19,CT
6371,9686.0,52.3,97334.0,65414.0,3.272764815197192,3.0662812306421636,0.2581044806937848,,,95.78773487507743,1.6931653933512285,4.109023332645055,0.8465826966756143,Old Lyme,New London County,41.4,-72.3,CT
6373,181.0,51.2,-666666666.0,35590.0,10.497237569060774,0.0,0.0,,,100.0,0.0,0.0,0.0,Oneco,Windham County,41.695,-71.815,CT
6374,7250.0,43.2,72828.0,33582.0,4.137931034482759,4.041379310344826,0.8413793103448276,,,91.44827586206895,2.496551724137931,3.406896551724138,1.006896551724138,Plainfield,Windham County,41.69,-71.91,CT
6375,3630.0,42.9,97750.0,45066.0,6.473829201101927,2.4242424242424243,0.4132231404958678,,,91.73553719008264,2.865013774104684,3.5261707988980717,1.955922865013774,Quaker Hill,New London County,41.4,-72.14,CT
6376,209.0,51.5,-666666666.0,40297.0,0.0,0.0,0.0,,,100.0,0.0,0.0,0.0,South Lyme,New London County,41.305,-72.26100000000001,CT
6377,2969.0,42.6,83102.0,33298.0,5.321657123610644,1.7177500842034354,0.5052206130010104,,,96.26136746379251,0.6399461098012799,4.311215897608623,0.0,Sterling,Windham County,41.72,-71.82,CT
6378,5594.0,52.4,98594.0,64762.0,4.451197711834109,1.823382195209153,0.1787629603146228,,,95.17340007150518,1.3407222023596708,2.234537003932785,1.8055058991776904,Stonington,New London County,41.38,-71.92,CT
6379,8645.0,46.1,66648.0,38991.0,9.554655870445343,2.903412377096588,0.9947946790052054,,,90.7460960092539,3.1463273568536727,5.425101214574899,1.5153267784846731,Pawcatuck,New London County,41.37,-71.87,CT
6380,2816.0,39.4,38319.0,25216.0,13.742897727272727,1.5625,1.4914772727272727,,,81.32102272727273,11.150568181818182,17.791193181818183,0.0,Taftville,New London County,41.57,-72.05,CT
6382,12021.0,41.9,70610.0,32045.0,6.987771400049912,4.4089510024124445,0.3660261209549954,,,71.80766991098909,7.3288411945761585,14.299975043673573,5.972880791947424,Uncasville,New London County,41.46,-72.12,CT
6384,2833.0,43.4,75000.0,33377.0,10.518884574655841,2.3649841157783267,0.0,,,88.91634309918814,8.118602188492764,2.5767737380868336,0.7765619484645252,Voluntown,New London County,41.57,-71.84,CT
6385,15310.0,49.3,87788.0,44039.0,5.578053559764861,2.998040496407577,0.5290659699542782,,,87.2240365774004,3.2070542129327237,7.015022860875245,3.618549967341607,Waterford,New London County,41.36,-72.16,CT
6387,605.0,29.5,103152.0,24021.0,23.801652892561982,2.975206611570248,0.0,,,81.48760330578513,4.462809917355372,0.0,0.0,Wauregan,Windham County,41.745,-71.911,CT
6401,18725.0,39.9,55033.0,30107.0,13.746328437917226,3.9038718291054737,0.8865153538050734,,,72.76368491321762,15.177570093457945,21.532710280373827,1.986648865153538,Ansonia,New Haven County,41.34,-73.07,CT
6403,6168.0,47.2,85024.0,42296.0,6.922827496757457,6.485084306095978,0.0,,,95.23346303501944,1.4105058365758756,5.950064850843061,0.3891050583657587,Beacon Falls,New Haven County,41.44,-73.06,CT
6405,27711.0,49.0,77225.0,48289.0,5.929053444480531,2.2915087871242465,0.4907798347226733,,,89.80549240373857,1.3749052722745478,6.235790841182202,4.28349752805745,Branford,New Haven County,41.28,-72.8,CT
6409,860.0,47.4,63194.0,45042.0,5.813953488372092,3.0232558139534884,0.0,,,83.48837209302326,0.0,1.3953488372093024,15.116279069767444,Centerbrook,Middlesex County,41.35,-72.42,CT
6410,29050.0,46.4,120396.0,52047.0,1.8244406196213423,1.8037865748709123,0.8846815834767642,,,84.00688468158347,4.516351118760757,3.7383820998278834,6.833046471600689,Cheshire,New Haven County,41.51,-72.91,CT
6412,4234.0,50.0,88167.0,41871.0,4.3693906471421835,2.0784128483703355,0.3070382616910723,,,97.3311289560699,0.8502598016060463,2.2437411431270657,1.2517713745866792,Chester,Middlesex County,41.4,-72.48,CT
6413,12928.0,46.5,79673.0,43968.0,6.489789603960396,2.0188737623762383,0.2320544554455445,,,95.38985148514851,0.3867574257425742,8.555074257425742,0.9359529702970296,Clinton,Middlesex County,41.3,-72.54,CT
6414,134.0,64.5,199464.0,73879.0,0.0,0.0,0.0,,,100.0,0.0,0.0,0.0,Cobalt,Middlesex County,41.57,-72.55,CT
6415,16611.0,42.7,104863.0,45532.0,7.031485160435857,2.85955090000602,0.1926434290530371,,,92.87219312503763,1.8481728974775748,3.822768045271206,2.2033592197941125,Colchester,New London County,41.5,-72.3,CT
6416,13910.0,43.7,89243.0,49348.0,4.831056793673616,1.430625449317038,1.2652767792954709,,,86.53486700215672,7.4766355140186915,8.921639108554999,3.9539899352983454,Cromwell,Middlesex County,41.6,-72.67,CT
6417,4480.0,47.1,85960.0,50048.0,2.4330357142857144,2.4107142857142856,0.3794642857142857,,,93.30357142857143,2.946428571428572,4.441964285714286,0.9151785714285714,Deep River,Middlesex County,41.37,-72.46,CT
6418,12562.0,40.1,55786.0,32003.0,12.673141219551027,5.827097595924215,1.4965769781881866,,,78.61009393408693,8.820251552300588,21.867537016398664,4.012099984078969,Derby,New Haven County,41.33,-73.08,CT
6419,6392.0,48.0,110543.0,47547.0,3.9580725907384235,1.3454317897371717,0.0,,,97.46558197747184,0.4536921151439299,0.5632040050062578,1.3297872340425532,Killingworth,Middlesex County,41.38,-72.58,CT
6420,4192.0,45.1,109972.0,54073.0,1.9322519083969465,1.1688931297709924,0.35782442748091603,,,89.05057251908397,2.8625954198473282,4.246183206106871,5.963740458015268,Salem,New London County,41.49,-72.27,CT
6422,7221.0,47.1,119905.0,57302.0,2.5758205234732032,1.8141531643816649,1.5510317130591331,,,97.65960393297328,0.1800304666943636,1.1217282924802658,1.5510317130591331,Durham,Middlesex County,41.46,-72.68,CT
6423,5374.0,50.1,103356.0,51178.0,2.828433196873837,1.7491626349088203,1.5816896166728691,,,97.50651283959806,0.9676218831410496,2.9214737625604763,0.0930405656866393,East Haddam,Middlesex County,41.48,-72.39,CT
6424,12744.0,45.2,95900.0,42900.0,6.246076585059637,3.9548022598870056,0.2903327055869428,,,92.78876333961081,1.1299435028248588,2.8562460765850597,3.2799748901443815,East Hampton,Middlesex County,41.6,-72.5,CT
6426,3401.0,58.9,106250.0,73688.0,3.0873272566892087,0.7938841517200823,0.0,,,84.88679800058806,7.7918259335489575,0.5292561011467215,3.5283740076448105,Essex,Middlesex County,41.35,-72.4,CT
6437,22216.0,48.6,111870.0,64041.0,2.9528267915016206,2.0840835433921496,0.1755491537630536,,,92.00126035289878,1.3278718041051494,4.847857400072019,3.9881166726683466,Guilford,New Haven County,41.3,-72.7,CT
6438,2906.0,51.6,126801.0,49930.0,5.299380591878872,0.9979353062629044,0.4817618719889883,,,99.07088781830696,0.1720578114246387,0.4129387474191328,0.3441156228492774,Haddam,Middlesex County,41.46,-72.5,CT
6441,5011.0,46.3,108508.0,49368.0,5.827180203552184,4.490121732189184,0.0,,,90.16164438235882,3.0333266813011366,3.1730193574136902,4.769507084414289,Higganum,Middlesex County,41.46,-72.57,CT
6442,2343.0,49.2,88466.0,41433.0,6.658130601792574,3.3717456252667524,0.0,,,97.95134443021769,0.0,7.042253521126762,0.2560819462227913,Ivoryton,Middlesex County,41.34,-72.45,CT
6443,18113.0,49.3,113798.0,61394.0,3.058576712858168,2.8266990559266825,0.0,,,93.62336443438413,0.3809418649588693,2.534091536465522,2.4402362943742064,Madison,New Haven County,41.3,-72.6,CT
6444,241.0,42.4,-666666666.0,34541.0,0.0,6.639004149377594,0.0,,,100.0,0.0,0.0,0.0,Marion,Hartford County,41.58,-72.9,CT
6447,6368.0,44.6,112557.0,55028.0,2.4811557788944723,1.8687185929648238,0.2355527638190954,,,97.3461055276382,1.5703517587939702,5.74748743718593,0.6438442211055276,Marlborough,Hartford County,41.64,-72.46,CT
6450,35215.0,41.8,60671.0,34208.0,8.371432628141417,3.11798949311373,0.8433906005963367,,,78.95499077097827,9.044441289223345,28.916654834587533,1.9650717023995457,Meriden,New Haven County,41.54,-72.78,CT
6451,24522.0,39.8,57261.0,32975.0,13.082130331946823,3.3357801158143707,0.9664790800097872,,,76.82489193377377,11.353070712013702,29.500040779708012,1.2152352989152595,Meriden,New Haven County,41.54,-72.82,CT
6455,3077.0,50.2,107614.0,50397.0,5.5898602534936614,1.7224569385765356,0.4549886252843679,,,96.94507637309069,0.0,1.0724731881702958,2.664933376665583,Middlefield,Middlesex County,41.52,-72.71,CT
6456,259.0,53.4,73875.0,52662.0,15.444015444015445,14.671814671814673,0.0,,,100.0,0.0,0.0,0.0,Middle Haddam,Middlesex County,41.5516,-72.5519,CT
6457,46511.0,37.0,65572.0,38265.0,10.962998000473009,3.343295134484316,0.5568575175764873,,,72.84943346735182,15.142654425834749,11.169400786910622,5.824428629786503,Middletown,Middlesex County,41.5,-72.7,CT
6460,38959.0,45.4,88085.0,50438.0,5.315844862547807,2.7644446726045335,0.3182833234939295,,,87.77689365743473,3.2957724787597216,5.924176698580558,5.649528992017249,Milford,New Haven County,41.21,-73.05,CT
6461,15369.0,46.4,103047.0,49469.0,3.201249268007027,2.7132539527620536,0.4945019194482399,,,85.64643112759452,3.0906369965515,5.537120176979633,9.102739280369574,Milford,New Haven County,41.24,-73.07,CT
6467,385.0,50.6,113790.0,44427.0,0.2597402597402597,0.0,0.0,,,93.24675324675323,0.2597402597402597,0.5194805194805194,0.0,Milldale,Hartford County,41.58,-72.9,CT
6468,19546.0,43.3,118669.0,51867.0,3.2129335925509057,1.7087895221528702,0.4962652205054743,,,89.5988949145605,1.672976568095774,6.630512636856647,4.553361301545073,Monroe,Fairfield County,41.34,-73.23,CT
6469,2802.0,47.5,90735.0,45478.0,5.888650963597431,3.1049250535331905,0.6780870806566738,,,94.5753033547466,0.0,5.42469664525339,0.1427551748750892,Moodus,Middlesex County,41.51,-72.44,CT
6470,16571.0,46.1,124909.0,55525.0,2.588860056725605,2.96300766399131,0.1387966930179228,,,91.20753122925592,1.6957335103494056,6.336370768209523,3.0414579687405707,Newtown,Fairfield County,41.4,-73.3,CT
6471,7600.0,48.2,82993.0,52687.0,1.263157894736842,1.3421052631578947,0.0789473684210526,,,94.14473684210527,0.3026315789473684,2.631578947368421,2.7236842105263164,North Branford,New Haven County,41.35,-72.78,CT
6472,6900.0,47.8,101429.0,46187.0,3.7246376811594213,2.6231884057971016,0.0,,,93.6086956521739,4.115942028985507,4.028985507246377,0.2463768115942029,Northford,New Haven County,41.38,-72.77,CT
6473,24108.0,46.9,97796.0,46940.0,4.9070847851335655,2.891156462585034,0.1825120292019246,,,86.88816990210718,4.214368674298988,4.9776007964161275,5.707648913223825,North Haven,New Haven County,41.38,-72.86,CT
6475,10090.0,51.8,83132.0,48697.0,3.855302279484638,1.922695738354807,0.0991080277502477,,,95.27254707631322,0.5054509415262636,5.777998017839445,2.061446977205154,Old Saybrook,Middlesex County,41.3,-72.39,CT
6477,13934.0,46.2,121308.0,54435.0,2.597961820008612,1.6721687957513995,0.0861202813262523,,,87.26137505382519,2.009473230945888,1.6004018946461889,8.202956796325534,Orange,New Haven County,41.26,-73.0,CT
6478,13086.0,46.5,110111.0,47773.0,2.4759284731774414,2.9955677823628304,0.1146263182026593,,,92.52636405318658,3.2324621733149934,6.480207855723674,0.8176677365123032,Oxford,New Haven County,41.43,-73.14,CT
6479,9572.0,48.3,90091.0,46047.0,4.1370664437944,1.9954032595068951,0.5432511491851233,,,96.42707898035938,2.1521103217718345,4.701211867948183,0.1880484747179273,Plantsville,Hartford County,41.58,-72.9,CT
6480,9322.0,46.4,99292.0,48906.0,6.7903883286848306,2.7354644925981546,0.0,,,97.44689980690839,0.3003647285990131,2.7783737395408714,0.6865479510834585,Portland,Middlesex County,41.6,-72.6,CT
6481,1304.0,42.6,78208.0,41771.0,3.834355828220859,0.0,0.0,,,98.15950920245399,0.0,2.8374233128834354,0.0,Rockfall,Middlesex County,41.53,-72.7,CT
6482,11251.0,46.0,137100.0,60128.0,1.9464936450093324,2.2309128077504217,0.0799928895209314,,,92.92507332681541,1.679850679939561,3.75077770864812,2.0798151275442183,Sandy Hook,Fairfield County,41.41,-73.25,CT
6483,16508.0,41.2,76195.0,37429.0,5.100557305548826,3.4528713351102502,0.3876908165737824,,,87.49091349648657,3.6830627574509327,16.107341894838864,2.59268233583717,Seymour,New Haven County,41.38,-73.09,CT
6484,41141.0,47.2,97131.0,49200.0,5.002309132009431,3.1428501980992203,0.668432950098442,,,89.54570866046036,1.9445322184681948,8.84032959821103,4.346029508276414,Shelton,Fairfield County,41.32,-73.14,CT
6488,19681.0,52.4,98790.0,51446.0,4.583100452212793,1.9816066256795888,1.819013261521264,,,93.47086022051724,1.702149281032468,5.279203292515624,2.1594431177277578,Southbury,New Haven County,41.49,-73.23,CT
6489,33522.0,44.6,95684.0,44846.0,3.585704910208221,1.7839031084064196,0.39078813913251,,,92.0768450569775,1.8405823041584632,4.784917367698824,3.2515959668277548,Southington,Hartford County,41.6,-72.88,CT
6492,44693.0,47.4,80884.0,43403.0,5.1260823842659935,1.9667509453381962,0.4631597789362987,,,91.27827624012708,1.6109905354306044,8.39505067907726,4.68977244758687,Wallingford,New Haven County,41.46,-72.81,CT
6498,6919.0,54.2,79551.0,59332.0,5.723370429252782,3.656597774244833,0.2457002457002457,,,93.29382858794624,1.1417834947246712,2.7605145252204086,0.8671773377655729,Westbrook,Middlesex County,41.3,-72.47,CT
6510,2576.0,29.5,61250.0,59357.0,21.506211180124225,4.270186335403728,1.7080745341614911,,,63.31521739130435,13.625776397515528,15.683229813664596,15.6055900621118,New Haven,New Haven County,41.308,-72.926,CT
6511,53707.0,29.2,41904.0,28297.0,25.451058521235595,4.228499078332433,0.5772059508071573,,,40.0562310313367,38.3469566350755,16.824622488688625,8.80890759118923,New Haven,New Haven County,41.31,-72.94,CT
6512,28444.0,42.4,64201.0,34353.0,10.772043313176768,3.473491773308958,0.8543102235972437,,,77.12698635916186,5.804387568555759,20.41555336802137,3.624666010406413,East Haven,New Haven County,41.28,-72.87,CT
6513,40037.0,34.5,45502.0,22887.0,22.062092564377945,4.750605689736993,0.689362339835652,,,54.12743212528411,19.4520068936234,51.694682418762646,1.3437570247521042,New Haven,New Haven County,41.32,-72.86,CT
6514,27534.0,35.5,73078.0,34077.0,9.878695431103363,2.8328611898016995,0.8425946102999927,,,48.02062904045907,37.61168010459795,15.377351637974868,4.2492917847025495,Hamden,New Haven County,41.37,-72.94,CT
6515,18344.0,31.6,52048.0,30949.0,15.732664631487136,4.59005669428696,0.2671173135630179,,,44.85390318360228,40.470998691670296,14.462494548626252,3.96860008722198,New Haven,New Haven County,41.33,-72.97,CT
6516,54763.0,36.6,62985.0,30360.0,11.122473202709859,5.160418530759818,0.9038949655789492,,,63.267169439219906,20.59602286215145,23.183536329273416,4.15974289209868,West Haven,New Haven County,41.27,-72.96,CT
6517,14313.0,44.3,85489.0,48349.0,5.931670509327185,2.9833018933836373,0.8034653811220569,,,65.25536225808705,22.517990637881645,12.324460280863551,2.934395304967512,Hamden,New Haven County,41.35,-72.9,CT
6518,19024.0,32.6,81358.0,36681.0,6.2342304457527336,3.4850714886459215,0.1997476871320437,,,76.40349032800674,9.866484440706476,8.32632464255677,8.147603027754416,Hamden,New Haven County,41.42,-72.91,CT
6519,15690.0,31.9,29332.0,18583.0,37.96048438495857,5.239005736137667,1.6124920331421286,,,37.30401529636711,37.737412364563426,45.09878903760357,0.9560229445506692,New Haven,New Haven County,41.3,-72.94,CT
6524,5513.0,47.9,129133.0,61469.0,2.412479593687648,3.5008162524941047,0.3627788862688191,,,88.13713041900961,1.4873934337021586,6.747687284600036,7.20116089243606,Bethany,New Haven County,41.43,-72.99,CT
6525,8827.0,49.3,157610.0,62686.0,3.4553075790189194,1.6200294550810015,0.2605641780899513,,,78.32785770930101,3.2287300328537443,5.7210830406706705,15.701823949246625,Woodbridge,New Haven County,41.35,-73.0,CT
6604,27152.0,32.0,36738.0,23010.0,23.49366529169122,6.938715380082497,1.340601060695345,,,46.921037124337076,31.603565114908662,37.55892751915145,4.644225103123159,Bridgeport,Fairfield County,41.17,-73.2,CT
6605,24635.0,32.4,44372.0,25696.0,28.02110817941952,6.600365333874569,2.204181043231176,,,44.62350314593058,31.96265475948853,41.59123198701035,4.7777552263040395,Bridgeport,Fairfield County,41.16,-73.22,CT
6606,47422.0,37.2,58538.0,27201.0,14.556534941588293,5.84960566825524,1.4465859727552612,,,43.393361730842216,36.26375943654844,31.654084602083426,3.2368942684829825,Bridgeport,Fairfield County,41.21,-73.21,CT
6607,8995.0,29.9,42103.0,16793.0,24.43579766536965,6.014452473596443,1.8010005558643691,,,14.096720400222347,50.072262367982205,43.2017787659811,3.5241801000555864,Bridgeport,Fairfield County,41.18,-73.17,CT
6608,14263.0,32.0,34743.0,17042.0,29.20143027413588,7.999719554091006,1.8859987379934096,,,28.24791418355185,33.66753137488607,62.139802285634154,1.3391292154525696,Bridgeport,Fairfield County,41.19,-73.18,CT
6610,23172.0,38.2,45478.0,24310.0,18.556878991886762,7.276022786121181,1.9894700500604177,,,40.044018643190064,35.12860348696703,48.19178318660453,2.002416709822199,Bridgeport,Fairfield County,41.2,-73.17,CT
6611,35990.0,43.0,122494.0,51823.0,2.692414559599889,3.0202834120589053,0.3639899972214504,,,84.41233676021119,4.584606835232009,7.043623228674631,6.5490414003889965,Trumbull,Fairfield County,41.26,-73.21,CT
6612,7529.0,50.2,157617.0,74018.0,2.218090051799708,3.519723734891752,0.1859476690131491,,,95.3380262983132,0.013281976358081999,3.7455173329791474,1.859476690131492,Easton,Fairfield County,41.27,-73.31,CT
6614,33299.0,44.1,87077.0,40661.0,6.078260608426679,3.5616685185741312,0.9279557944683025,,,81.93339139313494,7.699930928856722,16.018499054025646,3.00009009279558,Stratford,Fairfield County,41.23,-73.13,CT
6615,18821.0,40.6,66815.0,34051.0,10.870835768556399,4.24525795653791,1.1582806439615323,,,57.37208437383774,32.21932947239785,21.592901546145267,1.2273524254821742,Stratford,Fairfield County,41.17,-73.14,CT
6702,3080.0,54.9,12908.0,11648.0,53.57142857142857,3.831168831168831,5.6818181818181825,,,53.92857142857143,25.714285714285715,48.084415584415595,0.1948051948051948,Waterbury,New Haven County,41.56,-73.04,CT
6704,25136.0,34.8,40625.0,20247.0,23.010821133036284,4.801877784850414,1.1218968809675367,,,52.82065563335455,30.39067472947168,45.488542329726286,0.7718014003819224,Waterbury,New Haven County,41.58,-73.03,CT
6705,25653.0,36.0,46228.0,24170.0,18.69566912251978,4.1554594004599865,1.7229953611663351,,,59.05742018477371,19.02311620473239,33.84789303395314,4.693408178380696,Waterbury,New Haven County,41.55,-72.99,CT
6706,13997.0,34.7,43017.0,21954.0,27.21297420875901,4.372365506894335,1.2074015860541545,,,54.39022647710224,15.389011931128099,40.40865899835679,4.4652425519754235,Waterbury,New Haven County,41.53,-73.03,CT
6708,29619.0,33.9,53438.0,28128.0,18.85951585131166,4.243897498227489,0.4287788244032546,,,73.79047233194909,17.397616394881663,29.00840676592728,1.3369796414463688,Waterbury,New Haven County,41.55,-73.07,CT
6710,10774.0,31.2,33929.0,18194.0,30.49006868386857,6.6456283645814,0.7425283088917765,,,58.93818451828476,26.89808798960461,44.0783367365881,1.271579728977167,Waterbury,New Haven County,41.57,-73.04,CT
6712,9657.0,45.8,101389.0,41999.0,1.0044527285906597,1.3875944910427669,0.4556280418349384,,,89.61375168271721,6.699803251527388,3.6243139691415553,0.5074039556798178,Prospect,New Haven County,41.5,-72.98,CT
6716,16615.0,45.8,95257.0,39732.0,3.8218477279566656,1.8417092988263617,0.4814926271441468,,,92.94011435449896,2.3532952151670177,6.578393018356906,1.691242852843816,Wolcott,New Haven County,41.6,-72.98,CT
6750,1047.0,54.3,63542.0,46426.0,5.444126074498566,3.2473734479465137,0.5730659025787965,,,95.79751671442214,1.9102196752626552,4.966571155682904,1.0506208213944603,Bantam,Litchfield County,41.73,-73.26,CT
6751,3433.0,44.9,98409.0,45399.0,4.573259539761142,1.6312263326536558,0.0,,,93.06728808622196,0.9903874162540052,2.446839498980484,1.9807748325080103,Bethlehem,Litchfield County,41.64,-73.21,CT
6752,1718.0,54.8,112778.0,73821.0,2.6775320139697323,2.8521536670547145,0.1746216530849825,,,92.02561117578578,4.481955762514552,2.735739231664726,0.6984866123399301,Bridgewater,Litchfield County,41.52,-73.36,CT
6754,1789.0,49.9,87453.0,56624.0,4.974846282839575,4.415874790385692,0.1676914477361654,,,93.90721073225264,1.0061486864169928,6.4840693124650635,2.906651760760201,Cornwall Bridge,Litchfield County,41.78,-73.36,CT
6755,900.0,39.8,99375.0,41524.0,0.0,1.7777777777777777,1.5555555555555556,,,97.22222222222223,0.0,4.111111111111111,0.0,Gaylordsville,Litchfield County,41.63,-73.48,CT
6756,2842.0,49.7,109205.0,56277.0,5.207600281491907,2.0760028149190712,0.1759324419422941,,,94.7923997185081,0.0703729767769176,2.1111893033075297,0.7741027445460943,Goshen,Litchfield County,41.85,-73.23,CT
6757,1974.0,54.0,78125.0,56792.0,6.12968591691996,3.3941236068895644,1.0638297872340423,,,94.27558257345491,0.5572441742654508,1.8743667679837888,1.469098277608916,Kent,Litchfield County,41.73,-73.45,CT
6758,341.0,34.9,107188.0,57387.0,7.038123167155424,2.6392961876832843,2.0527859237536656,,,100.0,0.0,0.0,0.0,Lakeside,Litchfield County,41.672,-73.23,CT
6759,5843.0,55.8,93198.0,54306.0,4.8605168577785385,2.9094643162758858,0.2567174396714017,,,95.63580352558614,1.4889611500941298,7.872668149922985,0.7016943351018312,Litchfield,Litchfield County,41.8,-73.2,CT
6762,7701.0,47.1,121891.0,54294.0,3.9085833008700166,3.0645370731073887,0.6752369822101025,,,91.22191923126869,0.4415011037527593,4.492922997013375,4.687702895727828,Middlebury,New Haven County,41.53,-73.12,CT
6763,1864.0,46.7,81625.0,50194.0,5.633047210300429,7.725321888412018,0.0,,,97.85407725321888,0.0,1.7167381974248928,0.0,Morris,Litchfield County,41.69,-73.21,CT
6770,31557.0,39.9,74870.0,36438.0,7.836613112780049,3.647368254270051,0.953829578223532,,,78.81611053015179,9.259435307538741,12.399784516905914,2.6396679025255887,Naugatuck,New Haven County,41.49,-73.05,CT
6776,26023.0,44.3,89102.0,45313.0,4.634361910617532,2.7936825116243322,0.2420935326441993,,,89.00587941436423,1.6101141298082466,7.497214002997349,3.339353648695385,New Milford,Litchfield County,41.6,-73.4,CT
6777,1352.0,56.8,106618.0,70640.0,2.4408284023668645,1.4053254437869822,0.7396449704142012,,,91.9378698224852,0.0,2.7366863905325443,2.1449704142011834,New Preston Marble Dale,Litchfield County,41.7,-73.33,CT
6778,1322.0,47.7,65720.0,40352.0,2.26928895612708,4.009077155824508,0.302571860816944,,,93.267776096823,0.226928895612708,7.337367624810892,1.5885022692889559,Northfield,Litchfield County,41.71,-73.1,CT
6779,7783.0,47.2,72591.0,39201.0,2.8780675831941416,1.8116407554927405,1.3362456636258513,,,93.6271360657844,2.5054606192984705,5.255043042528588,0.2312732879352435,Oakville,Litchfield County,41.6,-73.09,CT
6782,2434.0,46.8,89940.0,39652.0,5.792933442892357,1.561216105176664,0.2465078060805259,,,98.5620377978636,0.9860312243221035,4.560394412489728,0.4519309778142975,Plymouth,Litchfield County,41.66,-73.05,CT
6783,2094.0,53.3,118603.0,76009.0,3.4383954154727787,1.002865329512894,0.0,,,97.03915950334287,0.0,1.9579751671442216,2.531041069723018,Roxbury,Litchfield County,41.55,-73.3,CT
6784,3740.0,50.5,99704.0,65516.0,1.5508021390374331,2.647058823529412,0.0,,,95.29411764705885,0.0,3.3422459893048133,2.0320855614973263,Sherman,Fairfield County,41.59,-73.49,CT
6785,776.0,51.9,68482.0,43091.0,4.252577319587629,2.5773195876288657,0.0,,,87.5,2.5773195876288657,3.2216494845360826,7.345360824742267,South Kent,Litchfield County,41.72,-73.45,CT
6786,9277.0,44.0,79172.0,41598.0,4.548884337609142,1.8756063382559016,0.6467608062951385,,,92.637706155007,1.5630052818799183,6.650856958068341,0.0107793467715856,Terryville,Litchfield County,41.66,-73.02,CT
6787,7758.0,45.8,68208.0,36229.0,8.636246455271976,1.791698891466873,0.1804588811549368,,,98.37587006960555,0.5413766434648105,3.0549110595514306,0.7605052848672338,Thomaston,Litchfield County,41.67,-73.1,CT
6790,34433.0,44.8,63057.0,32838.0,10.147242470885487,3.2526936369180732,0.3659280341532832,,,89.2980570963901,3.508262422675921,11.390236110707752,2.883861412017541,Torrington,Litchfield County,41.84,-73.13,CT
6791,5456.0,47.9,111202.0,46929.0,2.4926686217008798,2.217741935483871,0.5865102639296188,,,96.7925219941349,1.7045454545454546,1.392961876832845,0.4582111436950146,Harwinton,Litchfield County,41.75,-73.06,CT
6793,1453.0,50.1,126635.0,107009.0,6.469373709566415,1.8582243633860973,0.0,,,96.97178251892635,0.3441156228492774,10.736407432897453,0.5505849965588437,Washington,Litchfield County,41.64,-73.3,CT
6794,909.0,47.7,95500.0,52252.0,9.790979097909789,1.3201320132013201,0.0,,,87.45874587458746,3.96039603960396,4.730473047304732,3.96039603960396,Washington Depot,Litchfield County,41.65,-73.32,CT
6795,13861.0,45.5,90374.0,42844.0,6.428107640141404,4.126686386263617,1.118245436837169,,,91.65283890051222,1.3346800375153307,7.041339008729528,3.01565543611572,Watertown,Litchfield County,41.62,-73.12,CT
6796,972.0,64.2,90667.0,86676.0,5.4526748971193415,1.337448559670782,0.0,,,97.94238683127571,0.20576131687242802,2.263374485596708,1.8518518518518519,West Cornwall,Litchfield County,41.86,-73.33,CT
6798,9562.0,50.3,81362.0,52930.0,5.521857352018406,1.7883288015059609,0.0,,,94.90692323781636,0.6902321690023008,4.99895419368333,2.1543610123405146,Woodbury,Litchfield County,41.56,-73.21,CT
6801,19634.0,42.9,101806.0,45159.0,3.0508301925231742,2.378527044922074,0.2444738718549455,,,84.10919832942855,3.993073240297443,7.644901701130692,6.66700621371091,Bethel,Fairfield County,41.38,-73.39,CT
6804,17292.0,45.6,112885.0,51034.0,4.89821882951654,2.3999537358315983,0.1272264631043257,,,88.45130696275734,1.2317834836918806,7.5641915336571826,5.158454776775388,Brookfield,Fairfield County,41.47,-73.39,CT
6807,7514.0,42.9,153309.0,85660.0,6.893798243279213,2.621772690976844,0.1730103806228373,,,84.22943838168752,0.079850944902848,10.873036997604473,11.125898323130157,Cos Cob,Fairfield County,41.06,-73.59,CT
6810,52548.0,36.3,63439.0,30907.0,13.635152622364314,4.0172794397503235,1.7831316130014463,,,55.38555225698409,9.385704498744003,38.68843723833447,6.1905305625333025,Danbury,Fairfield County,41.38,-73.47,CT
6811,31824.0,41.4,95444.0,42097.0,6.79989944695827,2.658371040723982,1.5240070387129208,,,70.10432378079436,12.104072398190045,15.05781799899447,6.6396430367018615,Danbury,Fairfield County,41.42,-73.48,CT
6812,13955.0,46.4,112457.0,53271.0,3.8480831243281983,2.307416696524544,0.4586169831601576,,,91.64457183805088,0.7094231458258689,8.685059118595486,1.4475098530992476,New Fairfield,Fairfield County,41.49,-73.49,CT
6820,21742.0,40.1,232523.0,116564.0,4.015269984362064,2.143317082145157,0.05059332168153799,,,91.04498206236777,0.8600864685861467,4.125655413485419,5.583662956489744,Darien,Fairfield County,41.08,-73.48,CT
6824,35349.0,40.4,149892.0,76524.0,3.6889303799258815,2.232029194602393,0.4696031005120371,,,90.6616877422275,1.504993069110866,4.036889303799259,3.819061359585844,Fairfield,Fairfield County,41.17,-73.28,CT
6825,21919.0,41.5,112907.0,51343.0,6.633514302659793,3.0795200510972216,0.3604179022765637,,,84.52484146174552,3.084082303024773,11.492312605502073,6.008485788585245,Fairfield,Fairfield County,41.2,-73.24,CT
6830,25036.0,43.0,119838.0,97808.0,7.089790701389997,2.5722958939127656,1.002556318900783,,,80.11663204984822,5.384246684773926,21.36123981466688,6.854130052724078,Greenwich,Fairfield County,41.04,-73.63,CT
6831,14588.0,45.9,167083.0,112180.0,4.791609542089389,2.488346586235262,0.2125034274746366,,,87.57197696737045,4.784754592816014,5.08637236084453,4.9492733753770235,Greenwich,Fairfield County,41.08,-73.66,CT
6840,20276.0,43.9,190227.0,118833.0,3.186032748076544,2.076346419412113,0.0049319392385085,,,91.08305385677649,1.5880844347997634,5.267311106727165,5.015782205563228,New Canaan,Fairfield County,41.16,-73.5,CT
6850,17848.0,42.2,95038.0,55248.0,7.922456297624383,3.877185118780816,1.1149708650829224,,,72.01927386822052,13.491707754370234,22.674809502465266,6.376064545047064,Norwalk,Fairfield County,41.13,-73.44,CT
6851,27118.0,43.2,96769.0,53167.0,6.5380927797035175,2.6624382329080314,0.9292720702116676,,,78.2321705140497,10.421122501659417,17.899550114315215,6.936352238365661,Norwalk,Fairfield County,41.14,-73.41,CT
6853,4023.0,44.2,209464.0,117883.0,2.361421824509073,0.8451404424558787,0.0,,,94.23315933383049,0.5219985085756897,4.896843151876709,3.0325627641063884,Norwalk,Fairfield County,41.07,-73.44,CT
6854,30855.0,35.7,69659.0,37369.0,15.783503484038244,5.318424890617403,1.6237238697131746,,,63.76276130286826,21.6010371090585,42.028844595689506,4.521147301895965,Norwalk,Fairfield County,41.08,-73.42,CT
6855,8540.0,44.4,64969.0,43462.0,8.618266978922717,4.192037470725995,1.6159250585480094,,,75.15222482435597,13.266978922716627,28.442622950819672,3.8173302107728335,Norwalk,Fairfield County,41.1,-73.4,CT
6856,5.0,51.5,-666666666.0,5120.0,0.0,0.0,0.0,,,80.0,0.0,20.0,0.0,Norwalk,Fairfield County,41.114,-73.408,CT
6870,7642.0,42.3,215850.0,102021.0,4.148128762104162,0.7327924627060979,0.0915990578382622,,,87.90892436534936,1.7534676786181629,10.887202303062027,5.862339701648782,Old Greenwich,Fairfield County,41.04,-73.57,CT
6877,25091.0,45.6,164010.0,84124.0,1.980789924674186,1.9449204894185168,0.2590570324020565,,,91.64640707823523,1.1079670001195647,4.774620381810211,3.997449284604041,Ridgefield,Fairfield County,41.31,-73.49,CT
6878,8112.0,42.3,222188.0,110574.0,4.8939842209072975,2.0093688362919133,0.4314595660749507,,,81.71844181459565,1.2820512820512822,12.167159763313611,12.993096646942801,Riverside,Fairfield County,41.03,-73.58,CT
6880,28376.0,45.8,201528.0,113881.0,4.084437552861573,1.9065407386523825,0.2607837609247251,,,89.58274598252045,1.057231463208345,4.514378347899633,6.029743445164927,Westport,Fairfield County,41.14,-73.34,CT
6883,10287.0,46.8,222535.0,101792.0,2.8968601147078834,1.8275493341110136,0.2624671916010498,,,88.37367551278312,1.8761543695926897,6.299212598425197,3.6550986682220286,Weston,Fairfield County,41.22,-73.38,CT
6890,4322.0,48.4,196379.0,107082.0,4.349838037945395,1.8509949097639984,0.1156871818602498,,,94.23877834335957,1.8278574733919484,6.6173068024062935,1.7353077279037483,Southport,Fairfield County,41.14,-73.29,CT
6896,9127.0,46.6,132770.0,70256.0,3.7361674153610167,1.5448668784923851,0.2739125671085789,,,95.63931193163143,0.2410430590555494,4.4264270844746365,1.1942587925934045,Redding,Fairfield County,41.3,-73.39,CT
6897,18463.0,43.6,193292.0,86870.0,2.507718138980664,1.8740183068840384,0.124573471266858,,,88.3984184585387,0.8882630125115095,3.6126306667388834,8.324757623354818,Wilton,Fairfield County,41.21,-73.44,CT
6901,7186.0,34.8,76429.0,63753.0,13.164486501530757,5.0375730587252985,1.3498469245755635,,,60.269969384915115,16.838296688004448,16.04508767047036,19.24575563595881,Stamford,Fairfield County,41.053999999999995,-73.538,CT
6902,69946.0,35.1,76970.0,46160.0,11.70760300803477,3.7843479255425616,0.8863980785177137,,,55.514253852972296,19.500757727389697,36.07354244703057,6.722328653532724,Stamford,Fairfield County,41.06,-73.54,CT
6903,13917.0,48.1,201711.0,96970.0,3.6358410576992166,2.6586189552346053,0.8047711432061507,,,85.68657038154775,2.622691672055759,9.937486527268806,6.409427319106129,Stamford,Fairfield County,41.14,-73.55,CT
6905,20276.0,38.5,126425.0,58694.0,3.802525152890116,3.3685144999013614,0.9420003945551392,,,72.65732886170842,7.092128624975341,15.989347011244819,12.03393174196094,Stamford,Fairfield County,41.09,-73.54,CT
6906,9244.0,36.6,101500.0,46580.0,9.422327996538296,3.937689311986153,0.6490696668109044,,,71.23539593249677,10.969277369104283,26.70921678926872,10.45002163565556,Stamford,Fairfield County,41.07,-73.52,CT
6907,8435.0,39.1,86890.0,49307.0,5.737996443390634,5.406046235921755,0.4505038529934795,,,78.10314167160641,6.745702430349732,19.45465323058684,8.014226437462952,Stamford,Fairfield County,41.1,-73.52,CT
